image,username,password,name,email,address1,address2,speciality,degree,experience,about,fees,phone,dob,gender
https://randomuser.me/api/portraits/men/72.jpg,brenda.briggs95,Pass@5417,Brenda Briggs,brenda.briggs95@example.com,430 Michelle Harbor,"North Paulfurt, Maine",Gynecologist,MCh,9 Year,"Dr. Brenda Briggs, a skilled gynecologist, is highly regarded by patients for clear communication and diagnosis accuracy.",259,3364202893,1964-08-06,female
https://randomuser.me/api/portraits/men/72.jpg,erin.salas48,Pass@5341,Erin Salas,erin.salas48@example.com,127 Patrick Cape,"Smithberg, Nevada",Neurologist,MS,1 Year,"Dr. Erin Salas, a skilled neurologist, is dedicated to promoting wellness through preventive measures and lifestyle advice.",230,361.208.0559x813,1989-08-09,female
https://randomuser.me/api/portraits/men/72.jpg,elizabeth.marquez73,Pass@9123,Elizabeth Marquez,elizabeth.marquez73@example.com,438 Arthur Motorway Apt. 176,"Flowersport, Arkansas",Gastroenterologist,MCh,3 Year,"Dr. Elizabeth Marquez, a skilled gastroenterologist, is an advocate for mental and physical health balance.",159,(965)400-0491x449,1966-07-12,female
https://randomuser.me/api/portraits/men/72.jpg,james.davila39,Pass@1264,James Davila,james.davila39@example.com,5160 Reed Neck,"Mirandahaven, Wisconsin",Gynecologist,DO,2 Year,"Dr. James Davila, a skilled gynecologist, known for a compassionate approach and meticulous attention to patient care.",273,422-750-0149x1957,1975-12-26,male
https://randomuser.me/api/portraits/men/72.jpg,elizabeth.jensen52,Pass@4869,Elizabeth Jensen,elizabeth.jensen52@example.com,3801 Mark Loop,"Andersonfurt, Alabama",Gastroenterologist,MBBS,8 Year,"Dr. Elizabeth Jensen, a skilled gastroenterologist, is an advocate for mental and physical health balance.",157,402.942.8845x2847,1992-03-26,female
https://randomuser.me/api/portraits/men/72.jpg,john.hernandez45,Pass@2875,John Hernandez,john.hernandez45@example.com,98895 Andrew Lock Apt. 545,"West Billy, Wisconsin",Gynecologist,DM,5 Year,"Dr. John Hernandez, a skilled gynecologist, is an advocate for mental and physical health balance.",151,680.696.8137x05044,1989-10-13,male
https://randomuser.me/api/portraits/men/72.jpg,jacqueline.gregory69,Pass@5022,Jacqueline Gregory,jacqueline.gregory69@example.com,531 Craig Corner,"North Kelly, Ohio",Gynecologist,DO,9 Year,"Dr. Jacqueline Gregory, a skilled gynecologist, takes a holistic approach to medicine, combining traditional and modern practices.",151,001-380-871-9662,1975-01-11,female
https://randomuser.me/api/portraits/men/72.jpg,holly.jackson70,Pass@8313,Holly Jackson,holly.jackson70@example.com,9018 Julie Manor,"North Paula, Wisconsin",Dermatologist,DO,11 Year,"Dr. Holly Jackson, a skilled dermatologist, has led various community health initiatives with success.",245,401-326-4964,1978-11-19,female
https://randomuser.me/api/portraits/men/72.jpg,lisa.davis36,Pass@7069,Lisa Davis,lisa.davis36@example.com,122 William Station Apt. 123,"Baileyview, Arkansas",Dermatologist,DM,4 Year,"Dr. Lisa Davis, a skilled dermatologist, has led various community health initiatives with success.",269,971.776.0854,1975-09-24,female
https://randomuser.me/api/portraits/men/72.jpg,jennifer.stephens50,Pass@2426,Jennifer Stephens,jennifer.stephens50@example.com,3394 Christopher Gardens,"South Tammytown, Colorado",Neurologist,MD,14 Year,"Dr. Jennifer Stephens, a skilled neurologist, is passionate about research and continuous medical education.",195,967.689.5327,1972-05-28,female
https://randomuser.me/api/portraits/men/72.jpg,chad.white36,Pass@2997,Chad White,chad.white36@example.com,51265 Carlos Neck Apt. 854,"Port Raymond, Wisconsin",Gynecologist,MCh,8 Year,"Dr. Chad White, a skilled gynecologist, is dedicated to promoting wellness through preventive measures and lifestyle advice.",135,(503)674-7567,1966-11-04,male
https://randomuser.me/api/portraits/men/72.jpg,taylor.smith68,Pass@1338,Taylor Smith,taylor.smith68@example.com,7237 Gardner Harbors Suite 609,"Port Sarah, Nevada",Gynecologist,MS,6 Year,"Dr. Taylor Smith, a skilled gynecologist, is highly regarded by patients for clear communication and diagnosis accuracy.",117,590-978-2276,1994-06-27,female
https://randomuser.me/api/portraits/men/72.jpg,scott.huffman79,Pass@9620,Scott Huffman,scott.huffman79@example.com,122 Aaron Skyway Apt. 036,"East Ginaberg, New Hampshire",Neurologist,DM,5 Year,"Dr. Scott Huffman, a skilled neurologist, is highly regarded by patients for clear communication and diagnosis accuracy.",238,(721)417-0160x4746,1982-04-06,male
https://randomuser.me/api/portraits/men/72.jpg,mathew.david87,Pass@1029,Mathew David,mathew.david87@example.com,8537 Alvarez Parkways Suite 918,"Lake Williammouth, Utah",Gastroenterologist,DM,5 Year,"Dr. Mathew David, a skilled gastroenterologist, brings over a decade of expertise to the field.",226,699-470-1555x5312,1992-04-02,male
https://randomuser.me/api/portraits/men/72.jpg,melissa.christensen33,Pass@1624,Melissa Christensen,melissa.christensen33@example.com,8344 Martin Greens Apt. 934,"West Joanview, Texas",Gastroenterologist,MD,1 Year,"Dr. Melissa Christensen, a skilled gastroenterologist, specializes in advanced treatments and patient-centric care.",131,+1-365-835-0090x66249,1964-10-14,female
https://randomuser.me/api/portraits/men/72.jpg,maria.wright81,Pass@5728,Maria Wright,maria.wright81@example.com,88367 Malone Mill Apt. 518,"South Rubenton, Texas",Gynecologist,DO,13 Year,"Dr. Maria Wright, a skilled gynecologist, has received numerous accolades for excellence in healthcare services.",138,695.218.2999x722,1993-03-06,female
https://randomuser.me/api/portraits/men/72.jpg,jeffery.benitez19,Pass@3775,Jeffery Benitez,jeffery.benitez19@example.com,9214 Harris Skyway,"Nicholasland, Wyoming",Pediatricians,MBBS,5 Year,"Dr. Jeffery Benitez, a skilled pediatricians, is an advocate for mental and physical health balance.",111,(765)534-9436x074,1972-08-18,male
https://randomuser.me/api/portraits/men/72.jpg,thomas.montgomery4,Pass@4513,Thomas Montgomery,thomas.montgomery4@example.com,23255 Michael Drive Apt. 935,"Mosleyborough, Illinois",Gastroenterologist,MBBS,10 Year,"Dr. Thomas Montgomery, a skilled gastroenterologist, specializes in advanced treatments and patient-centric care.",184,205.592.1041,1977-01-02,male
https://randomuser.me/api/portraits/men/72.jpg,alexandra.hale56,Pass@9495,Alexandra Hale,alexandra.hale56@example.com,3393 Jones Valleys,"Nathanchester, Nebraska",General physician,MD,4 Year,"Dr. Alexandra Hale, a skilled general physician, is an advocate for mental and physical health balance.",289,+1-284-575-0438x17013,1964-04-23,female
https://randomuser.me/api/portraits/men/72.jpg,paul.wilson84,Pass@5043,Paul Wilson,paul.wilson84@example.com,181 Louis Valley Suite 425,"South Christophermouth, Illinois",Pediatricians,DM,14 Year,"Dr. Paul Wilson, a skilled pediatricians, is an advocate for mental and physical health balance.",104,+1-750-400-3512,1991-03-27,male
https://randomuser.me/api/portraits/men/72.jpg,megan.griffin95,Pass@5811,Megan Griffin,megan.griffin95@example.com,60585 Laurie Orchard Suite 241,"Rileystad, Delaware",Pediatricians,MBBS,14 Year,"Dr. Megan Griffin, a skilled pediatricians, takes a holistic approach to medicine, combining traditional and modern practices.",266,2156317145,1988-02-04,female
https://randomuser.me/api/portraits/men/72.jpg,michael.berg42,Pass@5191,Michael Berg,michael.berg42@example.com,9581 Carpenter Fort Apt. 822,"New Zachary, West Virginia",Dermatologist,MCh,8 Year,"Dr. Michael Berg, a skilled dermatologist, brings over a decade of expertise to the field.",271,+1-274-969-8861x45794,1981-04-26,male
https://randomuser.me/api/portraits/men/72.jpg,michael.schmidt24,Pass@8954,Michael Schmidt,michael.schmidt24@example.com,03281 Berry Fork,"Port Laurie, Missouri",Pediatricians,DM,15 Year,"Dr. Michael Schmidt, a skilled pediatricians, known for a compassionate approach and meticulous attention to patient care.",71,(459)720-6894x95401,1976-06-08,male
https://randomuser.me/api/portraits/men/72.jpg,kristy.snyder96,Pass@8934,Kristy Snyder,kristy.snyder96@example.com,51090 Reeves Station,"New Julie, New York",Gynecologist,DM,10 Year,"Dr. Kristy Snyder, a skilled gynecologist, specializes in advanced treatments and patient-centric care.",117,+1-384-251-6669,1987-06-04,female
https://randomuser.me/api/portraits/men/72.jpg,troy.roberts26,Pass@8167,Troy Roberts,troy.roberts26@example.com,7831 Craig View,"South Barry, Ohio",Gynecologist,DM,1 Year,"Dr. Troy Roberts, a skilled gynecologist, is an advocate for mental and physical health balance.",55,509.503.8659x9459,1981-02-09,male
https://randomuser.me/api/portraits/men/72.jpg,abigail.wolf61,Pass@2999,Abigail Wolf,abigail.wolf61@example.com,3807 Charles Pine,"New Anthonyport, Montana",General physician,MS,12 Year,"Dr. Abigail Wolf, a skilled general physician, specializes in advanced treatments and patient-centric care.",106,(493)981-0957,1981-06-24,female
https://randomuser.me/api/portraits/men/72.jpg,johnny.taylor42,Pass@5239,Johnny Taylor,johnny.taylor42@example.com,27513 Davis Summit Suite 259,"Johnstonshire, Maryland",Gastroenterologist,MBBS,2 Year,"Dr. Johnny Taylor, a skilled gastroenterologist, is highly regarded by patients for clear communication and diagnosis accuracy.",96,+1-877-937-4914x761,1975-02-23,male
https://randomuser.me/api/portraits/men/72.jpg,brian.esparza35,Pass@1582,Brian Esparza,brian.esparza35@example.com,0788 Moore Camp,"Lisamouth, Alabama",Pediatricians,DM,13 Year,"Dr. Brian Esparza, a skilled pediatricians, has received numerous accolades for excellence in healthcare services.",108,+1-550-351-8042x8664,1975-11-25,male
https://randomuser.me/api/portraits/men/72.jpg,michelle.cooley9,Pass@7723,Michelle Cooley,michelle.cooley9@example.com,17902 Ingram Fort,"Jeffreyside, North Dakota",Pediatricians,DM,9 Year,"Dr. Michelle Cooley, a skilled pediatricians, takes a holistic approach to medicine, combining traditional and modern practices.",224,+1-433-377-3650,1986-10-09,female
https://randomuser.me/api/portraits/men/72.jpg,courtney.olson33,Pass@4570,Courtney Olson,courtney.olson33@example.com,25515 Jonathan Walks Apt. 747,"East Caitlyn, Idaho",General physician,MS,7 Year,"Dr. Courtney Olson, a skilled general physician, is passionate about research and continuous medical education.",160,+1-643-246-7172,1978-11-17,female
https://randomuser.me/api/portraits/men/72.jpg,micheal.clark14,Pass@4462,Micheal Clark,micheal.clark14@example.com,509 Mitchell Oval,"Albertmouth, Wisconsin",General physician,DM,2 Year,"Dr. Micheal Clark, a skilled general physician, is passionate about research and continuous medical education.",271,(480)359-9503x0984,1986-07-16,male
https://randomuser.me/api/portraits/men/72.jpg,nathan.armstrong38,Pass@8837,Nathan Armstrong,nathan.armstrong38@example.com,328 Andrews Track,"West Jessica, Indiana",Neurologist,MBBS,3 Year,"Dr. Nathan Armstrong, a skilled neurologist, is an advocate for mental and physical health balance.",222,4274751009,1984-08-04,male
https://randomuser.me/api/portraits/men/72.jpg,james.poole34,Pass@1717,James Poole,james.poole34@example.com,292 Campbell Pass Suite 216,"Hillview, Wisconsin",Gynecologist,MD,10 Year,"Dr. James Poole, a skilled gynecologist, is an advocate for mental and physical health balance.",200,(661)383-4975x2112,1979-07-04,male
https://randomuser.me/api/portraits/men/72.jpg,miguel.young45,Pass@6473,Miguel Young,miguel.young45@example.com,729 Larry Curve Suite 626,"Christinehaven, Maine",Neurologist,MS,11 Year,"Dr. Miguel Young, a skilled neurologist, specializes in advanced treatments and patient-centric care.",110,4138769471,1981-04-07,male
https://randomuser.me/api/portraits/men/72.jpg,alicia.hahn91,Pass@5164,Alicia Hahn,alicia.hahn91@example.com,003 Jennifer Loaf Suite 115,"Markland, Massachusetts",Dermatologist,MD,15 Year,"Dr. Alicia Hahn, a skilled dermatologist, has led various community health initiatives with success.",234,271-951-3222,1965-04-16,female
https://randomuser.me/api/portraits/men/72.jpg,andrew.matthews74,Pass@8436,Andrew Matthews,andrew.matthews74@example.com,8643 Ryan Plaza Apt. 013,"Parkermouth, Tennessee",Neurologist,MBBS,7 Year,"Dr. Andrew Matthews, a skilled neurologist, has received numerous accolades for excellence in healthcare services.",164,+1-582-955-2750,1966-03-09,male
https://randomuser.me/api/portraits/men/72.jpg,joshua.nicholson57,Pass@5088,Joshua Nicholson,joshua.nicholson57@example.com,74331 Tyler Crossroad Apt. 987,"Belltown, Rhode Island",General physician,DO,5 Year,"Dr. Joshua Nicholson, a skilled general physician, is dedicated to promoting wellness through preventive measures and lifestyle advice.",283,596-404-1757x3705,1965-11-03,male
https://randomuser.me/api/portraits/men/72.jpg,jessica.elliott22,Pass@6867,Jessica Elliott,jessica.elliott22@example.com,912 Charles Court,"Markborough, Georgia",Gastroenterologist,DO,15 Year,"Dr. Jessica Elliott, a skilled gastroenterologist, is dedicated to promoting wellness through preventive measures and lifestyle advice.",66,(559)492-2586x5994,1969-12-02,female
https://randomuser.me/api/portraits/men/72.jpg,kenneth.pollard55,Pass@2229,Kenneth Pollard,kenneth.pollard55@example.com,95829 Steven Springs,"South Heidibury, Washington",Pediatricians,DM,9 Year,"Dr. Kenneth Pollard, a skilled pediatricians, has received numerous accolades for excellence in healthcare services.",150,(608)221-0556x37044,1991-06-06,male
https://randomuser.me/api/portraits/men/72.jpg,andrea.torres46,Pass@5153,Andrea Torres,andrea.torres46@example.com,5413 Jones Road,"West Johnland, Kentucky",General physician,MCh,15 Year,"Dr. Andrea Torres, a skilled general physician, is highly regarded by patients for clear communication and diagnosis accuracy.",56,679-896-2165x995,1964-12-28,female
https://randomuser.me/api/portraits/men/72.jpg,amy.stewart46,Pass@9828,Amy Stewart,amy.stewart46@example.com,268 Linda Manors Suite 593,"East Hannah, Illinois",Neurologist,DO,15 Year,"Dr. Amy Stewart, a skilled neurologist, is an advocate for mental and physical health balance.",112,451-704-8166,1972-05-02,female
https://randomuser.me/api/portraits/men/72.jpg,kimberly.brown10,Pass@7767,Kimberly Brown,kimberly.brown10@example.com,21363 Greer Mill,"Kristinstad, Kentucky",Gastroenterologist,MS,6 Year,"Dr. Kimberly Brown, a skilled gastroenterologist, known for a compassionate approach and meticulous attention to patient care.",139,256-976-1771,1985-04-17,female
https://randomuser.me/api/portraits/men/72.jpg,jennifer.castillo50,Pass@5874,Jennifer Castillo,jennifer.castillo50@example.com,8649 Rebecca Square Suite 370,"Wrightmouth, Montana",Gastroenterologist,MCh,2 Year,"Dr. Jennifer Castillo, a skilled gastroenterologist, is dedicated to promoting wellness through preventive measures and lifestyle advice.",232,228.849.9547,1984-02-12,female
https://randomuser.me/api/portraits/men/72.jpg,karen.king40,Pass@5977,Karen King,karen.king40@example.com,34832 Michael Corners Apt. 915,"Port Jeffreybury, Wisconsin",Pediatricians,MBBS,9 Year,"Dr. Karen King, a skilled pediatricians, has led various community health initiatives with success.",234,001-707-268-1482x768,1970-08-18,female
https://randomuser.me/api/portraits/men/72.jpg,ian.armstrong15,Pass@9430,Ian Armstrong,ian.armstrong15@example.com,4642 Allen Ramp,"East Lori, South Carolina",Gynecologist,DO,14 Year,"Dr. Ian Armstrong, a skilled gynecologist, is dedicated to promoting wellness through preventive measures and lifestyle advice.",224,9985681754,1981-10-26,male
https://randomuser.me/api/portraits/men/72.jpg,diana.berry3,Pass@2917,Diana Berry,diana.berry3@example.com,96470 Todd Loop Apt. 616,"West Andrew, Virginia",General physician,MCh,1 Year,"Dr. Diana Berry, a skilled general physician, brings over a decade of expertise to the field.",142,758-357-5870x5119,1984-04-15,female
https://randomuser.me/api/portraits/men/72.jpg,allen.garrison70,Pass@4984,Allen Garrison,allen.garrison70@example.com,564 Jennifer Points,"South Lindaland, Connecticut",Pediatricians,MS,9 Year,"Dr. Allen Garrison, a skilled pediatricians, is an advocate for mental and physical health balance.",200,208.224.9914x506,1987-05-04,male
https://randomuser.me/api/portraits/men/72.jpg,melanie.taylor93,Pass@1664,Melanie Taylor,melanie.taylor93@example.com,089 Tom Ports,"West Keithburgh, Kentucky",General physician,MD,6 Year,"Dr. Melanie Taylor, a skilled general physician, has led various community health initiatives with success.",183,764-339-0333,1976-09-19,female
https://randomuser.me/api/portraits/men/72.jpg,roy.curtis33,Pass@9349,Roy Curtis,roy.curtis33@example.com,095 Anita Courts,"West Kevin, Arizona",General physician,MS,6 Year,"Dr. Roy Curtis, a skilled general physician, is passionate about research and continuous medical education.",254,539-804-1847x8234,1976-10-05,male
https://randomuser.me/api/portraits/men/72.jpg,mary.rose45,Pass@8223,Mary Rose,mary.rose45@example.com,6891 William Forges Apt. 975,"Clarktown, Arkansas",Pediatricians,DM,11 Year,"Dr. Mary Rose, a skilled pediatricians, specializes in advanced treatments and patient-centric care.",165,+1-244-385-5846,1966-07-09,female
https://randomuser.me/api/portraits/men/72.jpg,travis.hernandez81,Pass@2518,Travis Hernandez,travis.hernandez81@example.com,163 Shaw Glen,"Vasquezhaven, Tennessee",Dermatologist,DO,6 Year,"Dr. Travis Hernandez, a skilled dermatologist, has led various community health initiatives with success.",73,+1-520-814-0096x4709,1964-10-23,male
https://randomuser.me/api/portraits/men/72.jpg,valerie.zhang7,Pass@1312,Valerie Zhang,valerie.zhang7@example.com,8855 Robert Freeway,"Flowersburgh, Colorado",Dermatologist,MCh,15 Year,"Dr. Valerie Zhang, a skilled dermatologist, is passionate about research and continuous medical education.",108,799.863.4967x777,1976-07-10,female
https://randomuser.me/api/portraits/men/72.jpg,alan.mitchell38,Pass@9399,Alan Mitchell,alan.mitchell38@example.com,421 Burke Fall,"Romeromouth, Rhode Island",Gynecologist,MD,8 Year,"Dr. Alan Mitchell, a skilled gynecologist, known for a compassionate approach and meticulous attention to patient care.",292,444.560.0913x85486,1982-02-17,male
https://randomuser.me/api/portraits/men/72.jpg,heather.carr38,Pass@8622,Heather Carr,heather.carr38@example.com,098 Jill Hills,"Collinsview, Oregon",Dermatologist,DM,7 Year,"Dr. Heather Carr, a skilled dermatologist, is an advocate for mental and physical health balance.",214,001-288-677-4490x00213,1978-09-07,female
https://randomuser.me/api/portraits/men/72.jpg,daniel.miles37,Pass@9443,Daniel Miles,daniel.miles37@example.com,44902 Jennifer Key Apt. 495,"Dillonside, North Dakota",Pediatricians,DM,3 Year,"Dr. Daniel Miles, a skilled pediatricians, brings over a decade of expertise to the field.",99,986.456.5188,1983-06-24,male
https://randomuser.me/api/portraits/men/72.jpg,paul.nixon27,Pass@5439,Paul Nixon,paul.nixon27@example.com,45425 Shannon Mills,"Catherinemouth, New Jersey",Gynecologist,MCh,5 Year,"Dr. Paul Nixon, a skilled gynecologist, known for a compassionate approach and meticulous attention to patient care.",295,001-785-763-8879x797,1990-07-20,male
https://randomuser.me/api/portraits/men/72.jpg,kim.morgan86,Pass@4351,Kim Morgan,kim.morgan86@example.com,48429 Donaldson Groves,"Parkerville, Louisiana",Gastroenterologist,MCh,14 Year,"Dr. Kim Morgan, a skilled gastroenterologist, specializes in advanced treatments and patient-centric care.",283,573-908-1327,1985-10-18,female
https://randomuser.me/api/portraits/men/72.jpg,stephanie.perry23,Pass@5064,Stephanie Perry,stephanie.perry23@example.com,5478 Joseph Meadows Suite 329,"Douglasmouth, Oregon",Gynecologist,DO,3 Year,"Dr. Stephanie Perry, a skilled gynecologist, has received numerous accolades for excellence in healthcare services.",151,+1-318-511-4752x3754,1967-06-26,female
https://randomuser.me/api/portraits/men/72.jpg,beverly.golden62,Pass@4592,Beverly Golden,beverly.golden62@example.com,202 Dustin Square,"West Douglasmouth, Louisiana",Dermatologist,MBBS,1 Year,"Dr. Beverly Golden, a skilled dermatologist, known for a compassionate approach and meticulous attention to patient care.",259,9663524679,1978-07-21,female
https://randomuser.me/api/portraits/men/72.jpg,brian.mclaughlin60,Pass@8082,Brian Mclaughlin,brian.mclaughlin60@example.com,44312 Watson Grove,"Wilsonport, Louisiana",Neurologist,MBBS,10 Year,"Dr. Brian Mclaughlin, a skilled neurologist, is passionate about research and continuous medical education.",241,246.823.0008x07621,1964-05-06,male
https://randomuser.me/api/portraits/men/72.jpg,lance.cruz80,Pass@1522,Lance Cruz,lance.cruz80@example.com,2181 Ashley Mall Suite 891,"Port Richardmouth, West Virginia",Dermatologist,MCh,7 Year,"Dr. Lance Cruz, a skilled dermatologist, known for a compassionate approach and meticulous attention to patient care.",248,001-987-964-3052x7104,1985-07-16,male
https://randomuser.me/api/portraits/men/72.jpg,vickie.lynch59,Pass@1061,Vickie Lynch,vickie.lynch59@example.com,0414 Brian Ford Apt. 809,"West Christopher, New Hampshire",Neurologist,MCh,3 Year,"Dr. Vickie Lynch, a skilled neurologist, has received numerous accolades for excellence in healthcare services.",242,(504)944-8990,1988-05-28,female
https://randomuser.me/api/portraits/men/72.jpg,ronald.cohen83,Pass@7871,Ronald Cohen,ronald.cohen83@example.com,1237 Gonzales Hollow,"South Sandraton, Rhode Island",Gastroenterologist,DO,2 Year,"Dr. Ronald Cohen, a skilled gastroenterologist, is an advocate for mental and physical health balance.",148,247-646-6618,1973-04-08,male
https://randomuser.me/api/portraits/men/72.jpg,andrew.duran17,Pass@1562,Andrew Duran,andrew.duran17@example.com,3365 Phillips Lodge,"South Ashleyview, Arkansas",Neurologist,DM,7 Year,"Dr. Andrew Duran, a skilled neurologist, is highly regarded by patients for clear communication and diagnosis accuracy.",124,001-579-482-7949x14133,1994-08-31,male
https://randomuser.me/api/portraits/men/72.jpg,cynthia.foster18,Pass@2482,Cynthia Foster,cynthia.foster18@example.com,70261 Parsons Springs Apt. 159,"South Sharonfort, Arkansas",General physician,MBBS,3 Year,"Dr. Cynthia Foster, a skilled general physician, takes a holistic approach to medicine, combining traditional and modern practices.",242,001-896-283-1921,1994-12-12,female
https://randomuser.me/api/portraits/men/72.jpg,michael.hernandez18,Pass@1601,Michael Hernandez,michael.hernandez18@example.com,1893 Sarah Common,"Lake Patrickland, Texas",Gastroenterologist,MBBS,12 Year,"Dr. Michael Hernandez, a skilled gastroenterologist, brings over a decade of expertise to the field.",139,+1-207-562-3889x7166,1984-06-13,male
https://randomuser.me/api/portraits/men/72.jpg,rhonda.warren94,Pass@8054,Rhonda Warren,rhonda.warren94@example.com,177 Joshua Bridge,"Palmerfurt, Florida",Dermatologist,MD,3 Year,"Dr. Rhonda Warren, a skilled dermatologist, specializes in advanced treatments and patient-centric care.",235,001-909-430-3806x82307,1979-01-12,female
https://randomuser.me/api/portraits/men/72.jpg,brittany.jones97,Pass@7668,Brittany Jones,brittany.jones97@example.com,88982 Robert Mountains Apt. 324,"Lake Christopher, Alabama",General physician,MCh,7 Year,"Dr. Brittany Jones, a skilled general physician, known for a compassionate approach and meticulous attention to patient care.",270,+1-526-947-4338,1979-02-19,female
https://randomuser.me/api/portraits/men/72.jpg,randy.warren20,Pass@6476,Randy Warren,randy.warren20@example.com,0856 David Squares Suite 411,"West Christinatown, West Virginia",Dermatologist,DO,4 Year,"Dr. Randy Warren, a skilled dermatologist, specializes in advanced treatments and patient-centric care.",188,842.338.8772,1965-01-31,male
https://randomuser.me/api/portraits/men/72.jpg,jennifer.rodriguez58,Pass@4976,Jennifer Rodriguez,jennifer.rodriguez58@example.com,717 Strickland Port,"South Anna, Tennessee",Pediatricians,MS,1 Year,"Dr. Jennifer Rodriguez, a skilled pediatricians, takes a holistic approach to medicine, combining traditional and modern practices.",170,382-830-0891,1971-08-24,female
https://randomuser.me/api/portraits/men/72.jpg,david.wheeler6,Pass@1815,David Wheeler,david.wheeler6@example.com,7945 Cole Brooks Apt. 959,"East Lisa, Nebraska",Gastroenterologist,MD,10 Year,"Dr. David Wheeler, a skilled gastroenterologist, is dedicated to promoting wellness through preventive measures and lifestyle advice.",151,(609)791-4375x9464,1967-11-04,male
https://randomuser.me/api/portraits/men/72.jpg,aaron.sheppard21,Pass@3745,Aaron Sheppard,aaron.sheppard21@example.com,2432 Nancy Knolls,"West Thomasstad, New Mexico",General physician,DO,5 Year,"Dr. Aaron Sheppard, a skilled general physician, takes a holistic approach to medicine, combining traditional and modern practices.",241,665.725.7432,1964-10-21,male
https://randomuser.me/api/portraits/men/72.jpg,joseph.porter89,Pass@1827,Joseph Porter,joseph.porter89@example.com,18025 Natalie Place Suite 866,"East Henry, Alaska",Pediatricians,MBBS,14 Year,"Dr. Joseph Porter, a skilled pediatricians, is dedicated to promoting wellness through preventive measures and lifestyle advice.",178,001-815-586-5631x47356,1992-10-15,male
https://randomuser.me/api/portraits/men/72.jpg,willie.davis9,Pass@5788,Willie Davis,willie.davis9@example.com,61068 Rachel Mission Suite 870,"Raymondland, Arkansas",Pediatricians,DO,5 Year,"Dr. Willie Davis, a skilled pediatricians, is highly regarded by patients for clear communication and diagnosis accuracy.",63,(397)549-3996x931,1965-01-24,male
https://randomuser.me/api/portraits/men/72.jpg,gregory.maxwell57,Pass@6932,Gregory Maxwell,gregory.maxwell57@example.com,2945 Hunt Bypass Suite 920,"West Davidland, Nevada",Gastroenterologist,DO,3 Year,"Dr. Gregory Maxwell, a skilled gastroenterologist, brings over a decade of expertise to the field.",244,277-480-2828x708,1978-10-15,male
https://randomuser.me/api/portraits/men/72.jpg,cody.donovan22,Pass@7067,Cody Donovan,cody.donovan22@example.com,481 Aaron Ranch,"East Amandaborough, North Carolina",Gastroenterologist,MD,6 Year,"Dr. Cody Donovan, a skilled gastroenterologist, has received numerous accolades for excellence in healthcare services.",92,657-223-4744x432,1983-05-18,male
https://randomuser.me/api/portraits/men/72.jpg,katherine.cannon20,Pass@5835,Katherine Cannon,katherine.cannon20@example.com,537 Shawn Rue,"Port Alyssamouth, New Hampshire",General physician,DM,10 Year,"Dr. Katherine Cannon, a skilled general physician, has led various community health initiatives with success.",155,001-962-750-2903x87738,1993-05-16,female
https://randomuser.me/api/portraits/men/72.jpg,andrew.barnes81,Pass@5269,Andrew Barnes,andrew.barnes81@example.com,547 Tracey Estates Suite 570,"Samanthafort, New Mexico",General physician,DM,12 Year,"Dr. Andrew Barnes, a skilled general physician, takes a holistic approach to medicine, combining traditional and modern practices.",146,360.665.9007x8243,1975-05-19,male
https://randomuser.me/api/portraits/men/72.jpg,nicole.porter10,Pass@6305,Nicole Porter,nicole.porter10@example.com,6097 Jackson Knoll,"West Christyfurt, South Carolina",Pediatricians,MD,6 Year,"Dr. Nicole Porter, a skilled pediatricians, known for a compassionate approach and meticulous attention to patient care.",154,001-988-684-2398x0979,1989-02-28,female
https://randomuser.me/api/portraits/men/72.jpg,nicole.sanchez6,Pass@6955,Nicole Sanchez,nicole.sanchez6@example.com,43138 Jennifer Mill,"Annaport, Nebraska",Neurologist,MCh,3 Year,"Dr. Nicole Sanchez, a skilled neurologist, is dedicated to promoting wellness through preventive measures and lifestyle advice.",118,631.480.1685x25506,1985-12-03,female
https://randomuser.me/api/portraits/men/72.jpg,noah.west63,Pass@8481,Noah West,noah.west63@example.com,72128 John Dam,"Barnesfort, Mississippi",Dermatologist,DM,11 Year,"Dr. Noah West, a skilled dermatologist, takes a holistic approach to medicine, combining traditional and modern practices.",291,2362369622,1972-04-11,male
https://randomuser.me/api/portraits/men/72.jpg,joseph.taylor80,Pass@6899,Joseph Taylor,joseph.taylor80@example.com,274 Adkins Fields,"Michelleland, New Mexico",Dermatologist,MBBS,11 Year,"Dr. Joseph Taylor, a skilled dermatologist, has received numerous accolades for excellence in healthcare services.",266,001-423-250-1814x92300,1980-10-25,male
https://randomuser.me/api/portraits/men/72.jpg,joanna.carrillo21,Pass@9418,Joanna Carrillo,joanna.carrillo21@example.com,394 Tiffany Mission Suite 038,"Franciscoburgh, Texas",General physician,DM,8 Year,"Dr. Joanna Carrillo, a skilled general physician, is highly regarded by patients for clear communication and diagnosis accuracy.",230,(908)357-4286,1980-03-16,female
https://randomuser.me/api/portraits/men/72.jpg,gerald.cline25,Pass@8604,Gerald Cline,gerald.cline25@example.com,392 Eric Land,"Hansenchester, Vermont",Gastroenterologist,MBBS,14 Year,"Dr. Gerald Cline, a skilled gastroenterologist, has led various community health initiatives with success.",242,6725634555,1966-11-10,male
https://randomuser.me/api/portraits/men/72.jpg,jessica.lopez62,Pass@5033,Jessica Lopez,jessica.lopez62@example.com,2009 Alvarez Spring,"Rodgersport, Wyoming",Neurologist,MCh,7 Year,"Dr. Jessica Lopez, a skilled neurologist, has led various community health initiatives with success.",171,001-785-682-7184,1985-06-04,female
https://randomuser.me/api/portraits/men/72.jpg,melissa.hicks61,Pass@5076,Melissa Hicks,melissa.hicks61@example.com,12661 Smith Points Apt. 955,"South Kevin, South Dakota",Gynecologist,MD,5 Year,"Dr. Melissa Hicks, a skilled gynecologist, has received numerous accolades for excellence in healthcare services.",101,(327)733-3985x063,1971-08-05,female
https://randomuser.me/api/portraits/men/72.jpg,michael.villa89,Pass@6811,Michael Villa,michael.villa89@example.com,2979 Wesley Ridges,"East Jaketon, Tennessee",Gastroenterologist,DM,8 Year,"Dr. Michael Villa, a skilled gastroenterologist, is dedicated to promoting wellness through preventive measures and lifestyle advice.",213,001-828-796-1782x510,1992-12-11,male
https://randomuser.me/api/portraits/men/72.jpg,virginia.villa60,Pass@7604,Virginia Villa,virginia.villa60@example.com,74855 Colon Lane Apt. 985,"West Camerontown, Arizona",General physician,MS,6 Year,"Dr. Virginia Villa, a skilled general physician, brings over a decade of expertise to the field.",244,(513)443-5213x26079,1992-10-31,female
https://randomuser.me/api/portraits/men/72.jpg,clifford.thomas54,Pass@4757,Clifford Thomas,clifford.thomas54@example.com,5964 Toni Landing Apt. 664,"Lawsonside, Illinois",Gastroenterologist,MS,9 Year,"Dr. Clifford Thomas, a skilled gastroenterologist, is dedicated to promoting wellness through preventive measures and lifestyle advice.",287,930.754.3984x8452,1973-07-28,male
