id,username,password,email,phone,name,image,gender,address1,address2,dob
1,alevine1,m0RfcfnZ1jR*,normawilkerson@donaldson-phillips.com,4073846630055,Jacob Chen,https://www.lorempixel.com/100/100,Other,633 Raymond Ranch Suite 505,Suite 936,1982-08-05
2,rcortez2,H43fi_@w#sLv,lconner@yahoo.com,6304924569144,George Jones,https://dummyimage.com/100x100,Female,338 Kayla River,Apt. 014,1994-03-19
3,lopezsamantha3,x4r&6hlU$lHQ,patelamy@davis-rodgers.com,6745019953135,Ryan Hancock,https://placeimg.com/100/100/any,Male,95942 Wells Ranch,Suite 616,1965-06-17
4,patrickcampbell4,WK_EoEegN_6N,hunterlewis@yahoo.com,6393762850212,Darin Lee,https://placekitten.com/100/100,Not Selected,15747 Denise Estate Suite 633,Suite 683,1949-02-05
5,michele105,g&sJ!mtc$7EJ,laura18@hotmail.com,6884460154254,John Dixon,https://www.lorempixel.com/100/100,Not Selected,0445 Peter Vista,Apt. 629,1947-03-31
6,stacey466,^r2Uj9VX7Y*r,jillianjohnson@brown.com,1136847929540,Dorothy Sharp,https://dummyimage.com/100x100,Other,55709 Monique Route,Suite 805,2000-03-15
7,brittany067,^a%d5O5fv+$9,bbailey@yahoo.com,6200139477833,Michael Savage,https://dummyimage.com/100x100,Female,811 Kristen Rest,Suite 699,1963-12-21
8,meyerstravis8,I8w^*Ipd$$(A,thomasjames@gmail.com,8341012043814,Kelsey Lewis,https://www.lorempixel.com/100/100,Not Selected,488 Aaron Ranch,Apt. 098,1988-10-02
9,olsonmichael9,H5t7bLeC%7oN,dixonanthony@gmail.com,4420740557754,Dylan Robinson,https://placekitten.com/100/100,Not Selected,272 Johnson Estates,Suite 341,1963-01-25
10,msoto10,l7INC1Ty_2J4,rodriguezjeffrey@hernandez.com,0727099596925,William Thompson,https://placeimg.com/100/100/any,Other,4913 Nichole Groves Suite 360,Suite 899,1953-09-12
11,vtaylor11,k!J$cNJ6xg8P,tmunoz@green-boyd.com,4170467668610,Alexander Moreno,https://dummyimage.com/100x100,Not Selected,07343 Richards Bridge Apt. 663,Apt. 628,1980-05-15
12,melaniecobb12,MIO1ETYtb&8U,ifarrell@yahoo.com,5081954728118,Trevor Washington,https://www.lorempixel.com/100/100,Female,661 Heath Locks,Suite 645,1953-10-21
13,johnsonangela13,fI8x4zGk*+6W,brandonjacobs@yahoo.com,5709104051873,Jessica Patterson,https://placeimg.com/100/100/any,Not Selected,2520 Brown Circles,Apt. 471,1948-08-11
14,christopher0714,tAvRZ#nh@cN6,avilakathleen@cruz.com,9259958886605,Latasha Pacheco,https://placekitten.com/100/100,Not Selected,355 Elliott Fall,Apt. 294,2005-08-25
15,eshepherd15,2582F*o5%)9T,cindy27@gmail.com,8952627929022,Erica Kelley,https://placekitten.com/100/100,Female,8587 Shepard Gardens,Apt. 453,1957-01-05
16,patrick5016,l9Z+B7xU_qB&,petersonkimberly@benson-morales.org,3928953908967,Brian Dean,https://www.lorempixel.com/100/100,Other,0932 Adam Squares Apt. 840,Apt. 740,1947-03-23
17,johnsonphilip17,)6mlj5C(_oIF,virginiasimpson@oliver-hughes.info,9625693474856,Phillip Smith,https://dummyimage.com/100x100,Female,632 Davidson Ford,Suite 540,1972-05-26
18,natalie8718,#%9v4yxfVET7,richardpowell@mosley.com,5407297586710,Michael Stevenson,https://www.lorempixel.com/100/100,Female,3648 Tammy Light Suite 403,Apt. 671,1959-08-16
19,steven8819,@aEUp5VoC^1g,joshuamyers@roberts.org,6848779473801,Philip Hardy,https://www.lorempixel.com/100/100,Male,9264 Rivera Springs,Suite 578,1975-04-26
20,murrayjames20,%^ASSTa72W2l,kurtherring@martin.biz,6546117047479,Edwin Adams,https://placeimg.com/100/100/any,Female,4926 Joseph Square,Suite 814,1949-01-28
21,dunndaniel21,W*6AGbo*WLRc,zdavis@davis.net,2181146287515,Gregory Anderson,https://dummyimage.com/100x100,Female,4835 Alvarez Inlet,Apt. 236,1945-06-08
22,tcobb22,%v2WrwUy#2u),gibsonrebecca@higgins.com,5929424112933,Tyler Bailey,https://placekitten.com/100/100,Male,4727 Taylor Mission Suite 471,Apt. 003,1998-01-30
23,xaustin23,+56CUiCQ&83*,xriggs@gmail.com,8929362479344,Jamie Garcia,https://dummyimage.com/100x100,Not Selected,7597 Rebecca Haven Apt. 708,Suite 792,1970-05-09
24,ebonypetersen24,#7&Kxu++d6FI,mitchellmeghan@gmail.com,1235882703223,Richard Campos,https://placeimg.com/100/100/any,Male,379 Laura Expressway,Apt. 990,1984-07-21
25,matthew1725,9xasL+Jl%*VW,nicolebarrett@hurst-eaton.com,6209314818921,Kelly Thompson,https://placekitten.com/100/100,Male,2661 Jackson Station,Suite 390,1988-04-17
26,andrea9726,K#aY8XRjf!@w,stevenscarrie@gmail.com,5030887598894,Kim Skinner,https://placeimg.com/100/100/any,Not Selected,1654 Oconnor Plains Suite 676,Suite 203,2003-02-12
27,raymondlewis27,x89_5r3dUCzX,james75@hotmail.com,9254916827567,Rebecca Thompson,https://placekitten.com/100/100,Male,4725 Taylor Groves Suite 343,Suite 871,1964-11-11
28,qruiz28,2+17RUYpmLw),gordonapril@allen.com,1922065567584,Cheryl Martinez,https://dummyimage.com/100x100,Not Selected,08955 Phillip Extensions Apt. 137,Apt. 259,1967-02-22
29,carrolljeffrey29,i$V1ShbV+*xz,torresdenise@landry-robinson.com,1526335914866,Barbara Marshall,https://www.lorempixel.com/100/100,Not Selected,99255 Adams Freeway,Suite 814,1988-09-21
30,fostermark30,K&9Q+PCFdtoV,emilywalker@martinez.biz,2116337239477,Jason Carr,https://placeimg.com/100/100/any,Male,703 Amber Estates Suite 061,Suite 332,1962-08-05
31,michelle1131,P36V3WoI$Nb#,michael31@marquez.com,0974999960535,Christian Marshall,https://placeimg.com/100/100/any,Female,1579 Holt Turnpike Apt. 273,Suite 874,1977-06-16
32,reginabass32,qp2T5i8+$aIR,ryan89@hotmail.com,1091851952786,Rachel Perez,https://dummyimage.com/100x100,Male,69900 Tucker Ports,Suite 668,2001-12-31
33,logandavis33,XMgBx79o$5rD,mnavarro@dominguez.biz,3450023515725,Kimberly Palmer,https://dummyimage.com/100x100,Male,987 Kelsey Spur,Apt. 942,1973-07-02
34,joshuagillespie34,@#J$b&uW0bHi,taylorsarah@gmail.com,3701351115543,Jose Porter,https://www.lorempixel.com/100/100,Male,85087 Cody Junctions Suite 726,Suite 781,1976-08-10
35,mileslindsey35,af7AEVDy_EM5,joseph38@yahoo.com,9939530574693,Mark Joseph,https://placekitten.com/100/100,Female,252 Smith Heights,Suite 429,1969-06-03
36,lauragross36,at%@BIDem&m9,castrokimberly@hotmail.com,9374657623876,Patrick Schneider,https://dummyimage.com/100x100,Male,979 Murphy Orchard,Suite 474,1953-02-26
37,heatherfernandez37,65Ye8ZZZ@fYZ,ysilva@suarez.com,5228731922657,Sean Mejia,https://dummyimage.com/100x100,Other,9899 Michael Extensions Suite 629,Apt. 505,1980-02-28
38,mcrosby38,OP4TyIpH^cCL,warrenveronica@harrell-wilson.com,0999882309224,Jennifer Morrison,https://www.lorempixel.com/100/100,Male,95290 John Center Apt. 731,Apt. 549,1984-03-30
39,benjaminhill39,H(q$1dCi%Y^U,brichards@williams-simpson.biz,2950823495895,Shawn Green,https://dummyimage.com/100x100,Male,0492 Huffman Tunnel Suite 237,Suite 443,1948-01-22
40,pvaughn40,@(@G#w_*F06M,jamesrebecca@yahoo.com,3491008462617,Melissa Shelton,https://dummyimage.com/100x100,Other,54471 Jennings Shoal Suite 621,Apt. 877,1975-01-01
41,catherine2841,W1)F4G)u_1@7,michaelwoods@gmail.com,5863412241677,Aaron Vazquez,https://placeimg.com/100/100/any,Male,83072 Stokes Track Apt. 963,Suite 737,1976-08-16
42,david2042,#c3YNfTieKnt,fchavez@weeks.info,4986756619497,Thomas Cain,https://placekitten.com/100/100,Not Selected,9868 Singh Junction Apt. 721,Apt. 633,1975-05-01
43,kimberlyphillips43,T**&hPlMigM5,acollins@yahoo.com,7658732764346,Rhonda Brown,https://placekitten.com/100/100,Not Selected,106 Jordan Street,Apt. 812,1998-05-18
44,ggeorge44,ptRusF3r)72j,riversjames@gmail.com,5264085008666,Krista Oliver,https://placekitten.com/100/100,Female,15767 Emily Square Apt. 319,Suite 156,1967-11-01
45,aarongray45,itm%6VrcX174,markcrawford@hubbard.com,0642235936097,Adrienne Brooks,https://dummyimage.com/100x100,Male,4161 Ashley Circles,Apt. 773,1972-12-01
46,lrussell46,#1Q$PJyc76sD,melissa00@gmail.com,9886143571186,Tammy Johnson,https://placeimg.com/100/100/any,Male,3857 Gonzalez Rapid,Apt. 162,1953-12-21
47,christinewatts47,LBCiVb_st1K%,lynnfrederick@knapp.org,4701419776515,Ronnie Jackson,https://dummyimage.com/100x100,Male,640 Nguyen Mews Suite 621,Suite 844,1973-04-24
48,wmoore48,T#N8F8La%(61,laurarice@gmail.com,9587335679322,Dr. Jamie Stevens,https://www.lorempixel.com/100/100,Other,5927 Kelly Parkways Suite 551,Suite 348,1973-03-11
49,seth5349,*L1Ho)k*+J4n,rioschristopher@bates.com,7317672841803,Diana Sims,https://dummyimage.com/100x100,Other,367 Diaz Haven Suite 565,Apt. 727,1950-11-21
50,meltonlisa50,Cp%&3Ai2a0VX,kimmargaret@gmail.com,9296384194342,Kristen Moss,https://placekitten.com/100/100,Male,18425 Mcguire Green Apt. 723,Suite 474,1950-02-16
51,craig4551,WH^&FjXh+4R#,uscott@scott-wood.org,2002650185551,Robert Thompson,https://dummyimage.com/100x100,Female,7777 Weber Roads Suite 578,Suite 423,1989-11-28
52,amandabrown52,+5SzZM@n@!1Z,angelalozano@hotmail.com,3611622973765,Tracey Archer,https://placekitten.com/100/100,Other,013 Leslie Islands,Suite 970,1973-09-30
53,ricky4453,D+uTuJy&7I5%,ryan54@hotmail.com,6427522675752,Brett Acosta,https://placekitten.com/100/100,Other,20995 Nichole Brooks Suite 043,Suite 915,1952-05-14
54,qduncan54,74ZIHr2pQBE*,escobarbrandon@sandoval.com,1338378654347,Dorothy Hansen,https://www.lorempixel.com/100/100,Male,98497 Miller Rapids Suite 592,Suite 634,1982-03-28
55,joshua4255,HB!QjNaIft1M,matthewmassey@smith.com,9130081058873,Pam Johnson,https://placekitten.com/100/100,Not Selected,1672 Dominguez Tunnel Suite 548,Suite 542,1978-04-27
56,qjones56,(1c*Az%$AiOB,brendahill@hotmail.com,0999997740562,Gerald Johns,https://placekitten.com/100/100,Not Selected,6577 Nicholson Cape,Suite 296,1950-02-27
57,holmesrobert57,&035TXa7e^1u,gregory29@carney-hernandez.com,6129557881982,Tina Holt,https://placekitten.com/100/100,Female,7222 Ronald Branch,Apt. 491,1974-12-05
58,walkercody58,_bfVhmKO)0!V,sandra05@matthews-walker.com,1127852290376,Lance Mcdonald,https://www.lorempixel.com/100/100,Female,206 Bryan Isle Suite 592,Suite 137,1952-02-17
59,moorenancy59,5K438pZra8*l,plee@hotmail.com,4947299102792,Kristen Barker,https://placeimg.com/100/100/any,Not Selected,05037 Laura Hills Apt. 168,Apt. 701,2000-02-16
60,jtaylor60,XoUEaXaj*yf3,brandon89@gmail.com,0928179017899,James Huber,https://placeimg.com/100/100/any,Male,0950 Lawrence Garden,Suite 277,1980-03-04
61,hesterjacqueline61,1tc9cF#p+oA*,anna71@gutierrez.info,6656851237235,Patrick Shaw,https://placekitten.com/100/100,Not Selected,4648 Hawkins Lane Apt. 830,Apt. 796,1968-05-23
62,xrivera62,U7w9Udo3**xD,savannahscott@romero.net,7405213579821,Jason Soto,https://dummyimage.com/100x100,Female,0660 Kevin Roads Apt. 133,Suite 589,1981-07-23
63,jamesbrown63,*V2AsoO2UCYA,watsonmatthew@cole-shields.com,1772160552003,Julie Anderson,https://dummyimage.com/100x100,Other,57677 Hernandez Ferry,Suite 290,1969-06-23
64,lucascollins64,^5Js8EKl&S6e,tball@yahoo.com,3392739389635,Michelle Sanchez,https://placekitten.com/100/100,Male,345 Laura Neck Suite 514,Apt. 770,1968-09-13
65,xmendoza65,%b5Ysfk1Z)+H,ivanramirez@yahoo.com,8877789514291,Kimberly Robinson,https://www.lorempixel.com/100/100,Other,445 Steven Summit Suite 032,Suite 344,1991-02-16
66,davistaylor66,S1IIOqqM9r_3,jacksonmathew@king.info,0802929480892,Sharon Foley,https://www.lorempixel.com/100/100,Female,5442 Jacob Track,Suite 906,1970-10-31
67,wyoung67,JHjTFq@cU(2e,timothyjensen@hotmail.com,7029467734325,Monica Mann,https://placekitten.com/100/100,Other,960 Johnson Summit Suite 768,Suite 626,1947-09-18
68,cobbjason68,!H7V4Vm9xDWU,murphykevin@peterson-browning.biz,6926730015126,Christopher Williams,https://placeimg.com/100/100/any,Male,729 Carrie Green Suite 634,Apt. 122,1965-05-21
69,uanderson69,9VYxz+v!(BXH,dmitchell@herrera-vargas.com,8960948311712,Gloria Roy,https://dummyimage.com/100x100,Male,29159 Faulkner Fork Suite 010,Suite 639,1952-05-07
70,ashleygarcia70,oQ1_Q$nn))JY,beverly65@mcgee-lynch.info,7849739431467,Paula Adams,https://www.lorempixel.com/100/100,Male,133 Vanessa Ramp Apt. 797,Suite 969,1972-02-24
71,jmitchell71,t@O7DCp!b_PT,amyvelez@palmer-peterson.com,0596109208570,Sharon Williams,https://placeimg.com/100/100/any,Not Selected,713 Gina View Suite 440,Apt. 751,1980-01-03
72,eric2772,+hIH@ulI12V&,ncain@neal.com,0578183975132,Robert Miller,https://placeimg.com/100/100/any,Not Selected,1121 Matthew Well Suite 722,Apt. 405,1964-08-09
73,christophersmith73,zRV)$lzq!$6E,wjackson@hotmail.com,4705822708184,Leslie Frazier,https://www.lorempixel.com/100/100,Other,3098 Hooper Stream,Apt. 123,1955-12-08
74,nlewis74,L1DlY)AW(ZS9,sroberts@gmail.com,6615125975283,Jacqueline Flynn,https://placekitten.com/100/100,Not Selected,33501 Cobb Lights,Apt. 564,1952-05-31
75,ewarner75,g(49mNZjwUh7,hartmanlauren@hotmail.com,6831165970265,Wayne Patrick,https://www.lorempixel.com/100/100,Male,7014 Roy Parkways,Suite 094,1979-07-21
76,hflores76,Jm1u2vRl%mcc,roythomas@baldwin.com,6040086891225,Cynthia Melton,https://www.lorempixel.com/100/100,Other,921 Crosby Forks,Apt. 164,1961-03-09
77,amanda3877,2rl%8TLeZdCg,trancynthia@yahoo.com,2167977478654,Cameron Mendez,https://dummyimage.com/100x100,Male,8255 Mills Fields,Suite 148,1950-05-17
78,dmathews78,^z3PDYw3Taq!,jeffreybuchanan@harris.biz,8764946808989,Scott Hernandez,https://dummyimage.com/100x100,Other,81304 Livingston Wells,Suite 570,1964-08-09
79,davidshepherd79,)%k@!jw&U8BF,bmunoz@franco.biz,6293543359693,Richard Johnson PhD,https://dummyimage.com/100x100,Other,552 Solis Loop Suite 129,Apt. 080,2005-11-22
80,ocarrillo80,mJLq4z(t$0^J,owilliams@ingram-ramirez.net,3041486413521,Steven Mack,https://www.lorempixel.com/100/100,Male,511 Burnett Manor,Apt. 178,1954-10-29
81,amybishop81,$!HaJV7Ax1)a,laura21@hotmail.com,7261613963922,Andrew Randolph,https://placekitten.com/100/100,Female,73949 Dominique Mountains,Apt. 906,1956-09-06
82,alanwashington82,#7tm7le2s71M,nicole30@yahoo.com,7092428066637,Robin Duncan,https://placekitten.com/100/100,Not Selected,0014 Antonio Islands,Apt. 421,1968-08-21
83,chelseabeck83,H7ef7$qQ(1OE,sflores@cruz.com,4081761023825,Dakota Richardson,https://dummyimage.com/100x100,Other,07687 Lee Landing Apt. 670,Apt. 480,1992-10-20
84,edward7084,kEA@bVJk!%X7,nancygill@miller-hodge.com,1038432536008,Tiffany Lopez,https://placeimg.com/100/100/any,Other,183 Maddox Flats,Suite 456,1987-12-02
85,laurie3485,+7sX4YhL3pNt,jonestanya@hotmail.com,2406778109582,Amy Rubio,https://placeimg.com/100/100/any,Other,4175 Mitchell Mission Suite 013,Apt. 346,1998-10-30
86,kimshah86,H!4QNVabq)rb,harriscrystal@gmail.com,9967302224687,Jill Durham,https://placeimg.com/100/100/any,Not Selected,09634 Smith Island,Apt. 256,2003-02-04
87,alexandria6287,@1ZkCFpeo4A4,fsmith@hotmail.com,3053271890139,Julia Morrison,https://dummyimage.com/100x100,Female,43770 Amy Roads Suite 958,Suite 167,1961-11-12
88,jimmy2388,(324)tNpjxpK,alisonorozco@gmail.com,3856936858894,Timothy Mcdaniel,https://dummyimage.com/100x100,Female,377 Pollard Forges Apt. 489,Suite 371,1984-03-31
89,bradleysmith89,TlVF9KKxh!8_,thomascooke@yahoo.com,0173168266414,Lynn Armstrong,https://placeimg.com/100/100/any,Female,22833 Smith Cape Apt. 924,Suite 059,1993-09-01
90,kimberlymartinez90,k)*w8ZVh+g(f,duketabitha@reed-boone.com,6476326126332,Daniel Archer,https://www.lorempixel.com/100/100,Female,25316 Howard Rapid Suite 940,Apt. 689,1948-01-16
91,qjenkins91,$IB17!FvqT97,bradley74@howard-larsen.com,3218897939304,Judy Wilson,https://www.lorempixel.com/100/100,Not Selected,43163 Cassandra Crescent,Apt. 007,1949-01-31
92,ross4692,POGH7%nl!0Eb,sabrina52@yahoo.com,1734081830218,Yolanda Long,https://placeimg.com/100/100/any,Other,75619 Miranda Islands,Apt. 164,1975-06-20
93,andrebenson93,3z8rXldn1+^_,brittney21@gmail.com,5202690109858,Christopher Jones,https://placekitten.com/100/100,Male,9859 Thompson Squares,Apt. 940,1944-11-29
94,jessicaanderson94,1Dfw2nLp(GA),bryan90@yahoo.com,1986637412244,Jason Velasquez,https://placekitten.com/100/100,Other,8032 Vega Orchard Suite 494,Apt. 907,1999-12-22
95,adamssamantha95,3WZSVBz9)Q)e,williamhughes@gibbs-walter.com,3082356466003,Tom Holt,https://placeimg.com/100/100/any,Other,8065 Stewart Spurs,Suite 894,1958-04-23
96,fishermelissa96,+p8tRq9+(obj,joshuabennett@campbell.com,1321870834745,Carol Smith,https://placeimg.com/100/100/any,Not Selected,4549 Meghan Cove Suite 133,Suite 952,1950-11-15
97,cathysanchez97,*8C6xfTrBvL%,fosterbenjamin@stein.com,5414380784196,Melissa Harris,https://placekitten.com/100/100,Other,3167 Andrew Villages Suite 954,Suite 982,1975-08-11
98,juareznatalie98,(7C(N%ht)XGQ,uroman@oconnell.com,7623843669466,Teresa Salazar,https://placeimg.com/100/100/any,Female,42685 Michelle Point Apt. 829,Apt. 368,1982-02-23
99,vpowell99,e%m61KXmj#e4,swalls@brown.com,3461887557975,Megan Glover,https://placekitten.com/100/100,Female,16998 James Overpass Suite 139,Apt. 350,1992-05-13
100,jason22100,CN(tLZWgL6+0,harrisdana@gmail.com,2615468111471,Daniel Green,https://www.lorempixel.com/100/100,Other,4334 Washington Lodge Suite 052,Apt. 136,1994-06-25
101,ymiller101,48C&rM9+$07d,zray@oliver-ritter.net,8944124935785,Michael Martinez,https://www.lorempixel.com/100/100,Not Selected,3600 Gregory Springs,Apt. 721,1991-04-18
102,fieldsmichael102,T7B+0xa#$9PV,nicholashaney@matthews.com,5574603917584,Kim Hess,https://placekitten.com/100/100,Male,9136 Julia Plains Suite 459,Suite 561,1962-02-11
103,martinezmorgan103,*WF4cq8r2au_,davidfernandez@yahoo.com,3376656515058,Michael Williams,https://placekitten.com/100/100,Female,037 Randall Ridges Apt. 414,Suite 411,1981-04-05
104,uboyd104,sY#UX5xAzDC8,morrisashley@gmail.com,5430516865166,John Smith,https://dummyimage.com/100x100,Female,900 Tracy Haven,Suite 560,2006-11-21
105,christine36105,$1tVA_is$6pO,johnsonmark@hotmail.com,8222294335685,Mitchell Christian,https://dummyimage.com/100x100,Other,52538 Amy Lodge,Suite 404,1974-01-17
106,ralphwhite106,%8KNic8tt+K6,zrice@collins-jackson.info,7282367508134,William Hood,https://placekitten.com/100/100,Not Selected,5970 Reed Harbor,Suite 958,1996-07-29
107,hayden01107,eaHH_jm0$_1e,gwilliams@wright-goodwin.com,3514943588321,Allen Perry,https://dummyimage.com/100x100,Female,9131 Campbell Port,Apt. 669,1963-01-17
108,theresabarnes108,ht2ftP21E%I5,edward25@hotmail.com,0510039092171,Rebecca Lopez,https://www.lorempixel.com/100/100,Female,087 Eric Estate Apt. 036,Suite 680,1956-11-15
109,fjohnson109,nSPWNnBf@0#r,barbaragarrett@hernandez.com,0815744688023,James Smith,https://placekitten.com/100/100,Female,3728 Holly Forks Suite 952,Apt. 166,1997-05-27
110,heather96110,+L4Sh*Vyd%Q%,fsmith@long.com,0128335915506,Charles Lang,https://www.lorempixel.com/100/100,Not Selected,492 Kimberly Drives Apt. 330,Suite 318,1951-03-21
111,bgriffith111,gm0MJ@5hXq&n,juliemorris@yahoo.com,5594017802260,Elizabeth Parsons,https://placekitten.com/100/100,Not Selected,87669 Nathan Hills Suite 510,Suite 695,1997-05-03
112,natalie11112,K+xFJO)zAj66,bradfordgloria@yahoo.com,8591612315523,Daniel Walker,https://dummyimage.com/100x100,Not Selected,597 Ramirez Flat Apt. 916,Apt. 051,1949-05-04
113,jenniferboone113,MsEJubuzn%5Q,walter01@gmail.com,6780690603448,Leah Miller,https://www.lorempixel.com/100/100,Male,22217 Taylor Pine,Apt. 031,1952-02-17
114,mark64114,)TpQXku30ThD,wallsashley@hotmail.com,0636133039853,Devin Rivera,https://placekitten.com/100/100,Female,9056 Reyes Forge,Suite 017,1962-12-17
115,markdeleon115,v(l7Jqqk4mR*,christopherjenkins@pena.com,4215822355849,Amber Parrish,https://placekitten.com/100/100,Male,5209 Laura Divide Apt. 611,Apt. 391,1984-03-11
116,jamesgibson116,wg67BGhl+32G,serranobrenda@hotmail.com,4487827218069,Anthony Howard,https://dummyimage.com/100x100,Female,8528 Wright Land,Suite 907,1993-05-20
117,johnwatson117,kT+J8dQke#j#,mmcintyre@blackburn.org,3514131484012,Kelly Marsh,https://placeimg.com/100/100/any,Male,2075 Rios Heights,Apt. 497,1960-08-16
118,glendahamilton118,86FmEfb$a(92,devinbennett@montgomery.net,4766421247126,Valerie Garcia,https://placeimg.com/100/100/any,Male,269 Teresa Station,Suite 242,1973-01-06
119,allensamantha119,6%4Ds)&aVV3Z,uneal@baker.com,7208813980954,Craig Wade,https://www.lorempixel.com/100/100,Female,48913 Oscar Manors,Suite 946,1977-03-11
120,samantha58120,tRDain+c&3CT,randy69@hamilton-marshall.net,0605506299287,Lisa Price,https://placeimg.com/100/100/any,Female,916 Davis Overpass Apt. 487,Apt. 470,1998-05-19
121,nicholas28121,GT+@iZynp&5I,sadams@reynolds-ellis.org,8643386234494,Rachel Krause,https://placekitten.com/100/100,Female,675 Julie Mission,Apt. 068,2000-04-10
122,stephanie10122,*BJaK)uOe8oT,aaronmcdonald@hotmail.com,3332501567070,Christopher Black,https://placekitten.com/100/100,Not Selected,65955 Griffin Branch Suite 968,Suite 609,1987-02-22
123,davisjulie123,N#7HTMnb93P5,morganjohn@hotmail.com,6104285495421,Nicholas Burns,https://dummyimage.com/100x100,Other,385 Jordan Springs Apt. 903,Apt. 763,1967-03-17
124,courtney80124,7&LA%mfQ8&8m,michaelgeorge@yahoo.com,4440611187119,Mrs. Brenda Gibbs,https://placeimg.com/100/100/any,Male,669 Colleen Square,Apt. 762,1952-08-29
125,karen93125,d5%2HOn6#S9f,carriebennett@yahoo.com,0321527804999,Sophia Hensley,https://dummyimage.com/100x100,Male,8532 Maria Extension,Apt. 807,1970-11-07
126,elliottnicholas126,I8FVBRks@y)Q,ncarroll@williams-roth.com,5366231588861,Robert Estrada,https://www.lorempixel.com/100/100,Female,22724 Joshua Club,Apt. 759,1998-11-11
127,chaveznicholas127,)sv!0$2by7VA,chambersrenee@armstrong.com,9868742903943,Cheyenne Higgins,https://www.lorempixel.com/100/100,Female,1491 Allison Highway,Apt. 365,1958-09-08
128,lhubbard128,3V0K8xenB*Ti,qjackson@olson.com,8536878188194,Francisco Esparza,https://dummyimage.com/100x100,Female,7410 Jason Ridges Apt. 031,Apt. 262,1969-02-17
129,gglover129,(l75obLW!21H,john09@garza-spencer.org,2638385004919,Ashley Blackwell,https://placekitten.com/100/100,Other,1545 Duran Harbor,Suite 362,1999-11-01
130,wilcoxlauren130,@3dkkbQGpoPC,linkevin@gmail.com,6415276467407,Brian Collins,https://dummyimage.com/100x100,Not Selected,7377 Scott Park Apt. 834,Suite 230,1959-07-14
131,cohenbrittany131,iMaaoRvve%7W,housecurtis@cardenas.com,5368096186952,Virginia Smith,https://placekitten.com/100/100,Male,2970 Boyer Stravenue,Apt. 929,1972-07-12
132,nguyentravis132,$$@N1Ny$6oI5,sullivantina@hotmail.com,6192951188039,Molly Mckay,https://dummyimage.com/100x100,Not Selected,973 Ramirez Manor,Apt. 905,1994-05-01
133,vbrown133,^+vkuCdoZ4Zq,martinezbryan@stone-davis.net,4859251573775,Christina Dawson,https://placekitten.com/100/100,Other,41430 Johnson Walk,Suite 877,1988-03-27
134,wward134,!9OIPt!kNs(U,cory84@wilson-reid.info,9496968459561,Rebecca Jones,https://dummyimage.com/100x100,Other,6895 Holland Landing,Apt. 017,2002-08-21
135,michelegarrison135,L(*UL7corOH$,steven28@gill.com,9644155633664,Benjamin Ward,https://dummyimage.com/100x100,Male,50154 Williams Valleys Apt. 432,Suite 577,1995-10-14
136,melissaward136,O!S@hJheE4$V,matthewanderson@evans.com,0892747028397,Lisa Roberson,https://placekitten.com/100/100,Male,05700 Yates Mews,Apt. 915,1961-04-20
137,bsantos137,he!LWw9Q)(3G,lestertracy@kerr.net,6843540613769,William Hood,https://placeimg.com/100/100/any,Male,43099 Jackson Common,Apt. 470,1990-08-10
138,vkidd138,27cIKGIp^8J2,xharvey@hotmail.com,0067904469578,Caitlin Baldwin,https://dummyimage.com/100x100,Other,5118 Jessica Union Suite 892,Suite 627,1996-01-28
139,karina87139,L#@U+sG+*5JV,max63@lee.com,0680784255889,Laura Brown,https://placekitten.com/100/100,Male,690 Monique Radial Apt. 130,Apt. 539,1989-06-08
140,sara75140,abZ2Fo9bT^e),michaelwalters@williams-miller.com,0015269363072,Vanessa Marks,https://www.lorempixel.com/100/100,Female,53413 Kenneth Camp,Apt. 967,1945-06-25
141,estesjaime141,hVh(NxnZ++33,jessicamiller@gmail.com,2115221014163,Mario Boyd,https://dummyimage.com/100x100,Not Selected,306 Laura Fields Apt. 904,Suite 978,2004-01-02
142,allisonperez142,^lJ8e7yuQa6G,aaronmendoza@richards-smith.com,8702907592601,Erin Romero,https://placekitten.com/100/100,Not Selected,586 Oneill Crossroad,Apt. 442,1945-05-05
143,gerald18143,Ea+YZHU3&5*c,gregorywilliams@garza-colon.info,2295123314322,Karen Krause,https://www.lorempixel.com/100/100,Male,185 Adam Knoll Apt. 231,Suite 946,1963-06-07
144,rhonda65144,W5pEWYcI*Ctq,swheeler@vincent-juarez.com,0288972944051,Thomas Calderon,https://placeimg.com/100/100/any,Not Selected,62995 Michael Hill Apt. 132,Apt. 651,1957-12-09
145,dpaul145,y%$nMzeuGM0T,avilabeverly@coleman.com,7951841252185,Chloe Byrd,https://dummyimage.com/100x100,Male,7829 Sheila Lock Suite 119,Suite 038,1965-12-28
146,millschristopher146,49LVJk17)hXi,diamondcollins@morton.com,7599771280307,Melvin Sanchez,https://dummyimage.com/100x100,Male,06714 Cameron Fork,Apt. 756,2006-12-09
147,margaretjames147,f*Y8w7Fn+5pH,matthewmorris@yahoo.com,5770887206891,Amanda Collins,https://dummyimage.com/100x100,Female,6262 Kidd Crest Suite 244,Suite 696,1954-12-10
148,danielmitchell148,G0t%0ZEviV0S,tlove@hotmail.com,7294286539491,Robert Newman,https://dummyimage.com/100x100,Not Selected,365 Lynch Motorway Apt. 293,Apt. 862,2005-12-15
149,nshields149,vuSaSYtlE_S7,lindsey39@ramirez-miller.info,4448164662396,Courtney Mcclain,https://www.lorempixel.com/100/100,Female,0855 Garcia Mission,Suite 821,1944-09-26
150,ejuarez150,HI40LCevy!lK,tannercharles@hotmail.com,9075362337422,Donna Singh,https://www.lorempixel.com/100/100,Female,34509 Day Pines Suite 068,Apt. 112,1968-04-19
151,emmanorris151,rn@1I#Big)I*,qrussell@hotmail.com,1108046350439,Anthony Jones,https://www.lorempixel.com/100/100,Not Selected,162 Kimberly Forks,Suite 080,1961-06-18
152,brookskenneth152,l68NUCHR(exS,myersalexandra@norman.com,1068443929013,Sean Casey,https://placekitten.com/100/100,Other,03836 Nichole Meadow,Apt. 120,1984-02-07
153,oharris153,V_1wI5wR6b9S,scottdodson@thomas.org,9901766499117,Ronald Ferguson,https://dummyimage.com/100x100,Male,98412 Crystal Branch,Suite 240,1994-11-25
154,xchandler154,K20Zhs&l(oW(,ashley47@yahoo.com,1455310431666,Debra Neal,https://placeimg.com/100/100/any,Female,13598 Escobar Cape Apt. 618,Apt. 010,2006-08-14
155,zachary43155,O_Gk8TmcRLF_,ecampbell@jones-garcia.org,7307029434301,Joseph Allen,https://placekitten.com/100/100,Male,56866 Nicholson Coves,Apt. 307,1946-01-11
156,dodsonnicole156,g$7ETi%3KsG@,webbbrett@small.net,3723294541476,Veronica Gonzalez,https://placeimg.com/100/100/any,Female,824 Becky Plains,Apt. 479,1966-11-15
157,tiffanymcclain157,dzA1CMES5*Bg,luisbell@chavez.biz,9747873517167,Michael Blankenship DDS,https://placekitten.com/100/100,Other,129 Carroll Gardens,Suite 585,1970-03-14
158,baldwinbenjamin158,)&KKn+oX@6nE,carolthomas@hotmail.com,6412678299772,Richard Riggs,https://placeimg.com/100/100/any,Female,7271 Jeffrey Trail Apt. 090,Apt. 042,1970-03-10
159,koneal159,Lj%44JQ)l5Gd,yvargas@hotmail.com,8236914483775,Isaiah Bowen,https://placeimg.com/100/100/any,Male,6251 Dunlap Fort Apt. 278,Suite 406,1996-01-31
160,dgarcia160,@6u&SsOF5XFb,mason90@gmail.com,4799853617762,Philip Manning,https://placekitten.com/100/100,Male,7004 Bailey Fields Apt. 348,Apt. 102,1967-11-28
161,robert37161,^1$X)6cB*%*k,andrea31@gmail.com,0107079744587,Sarah Jensen,https://placekitten.com/100/100,Male,246 Rachel Streets Suite 150,Apt. 036,1971-01-16
162,thomasclarke162,U*D8*1M_AtEX,kbenjamin@gmail.com,3448988695417,Patricia Jones,https://www.lorempixel.com/100/100,Other,7842 James Square,Suite 252,1978-10-21
163,christopher78163,!H0Zl@9$#eQF,erica94@yahoo.com,0057967194257,Kimberly Snyder,https://placeimg.com/100/100/any,Female,077 Deborah Skyway,Suite 051,1990-07-18
164,browncindy164,#8P5tU(mPy2E,gwolfe@hotmail.com,8937181402868,Richard Alexander,https://placekitten.com/100/100,Other,7175 Jennifer Trail Apt. 229,Apt. 032,1983-01-25
165,webbjessica165,Y89TBj!x(PQJ,tracy89@carter-sanchez.biz,1342666257715,Nancy Higgins,https://www.lorempixel.com/100/100,Female,8968 Rebecca Forest,Suite 997,1948-08-10
166,khanpatrick166,F(5_tz_9nnGC,kburke@norris-smith.com,6980865174018,David Dougherty II,https://placekitten.com/100/100,Female,37863 Sandra Freeway Apt. 839,Suite 108,1969-06-29
167,wanderson167,@FCoZity$1%X,omurphy@campos.com,8197445381941,Erica Reynolds,https://placekitten.com/100/100,Female,2419 Christopher Islands Apt. 061,Suite 362,2004-04-19
168,dchavez168,&BYYDut%0_+4,davisjames@gmail.com,8763894605185,Jessica Thompson,https://placeimg.com/100/100/any,Other,49814 Jeremiah Heights,Apt. 324,1966-08-03
169,andreaolson169,ecHXq2WB#5xu,zachary69@gmail.com,1600616258092,Erik Sullivan,https://placekitten.com/100/100,Not Selected,31663 Patrick Roads Suite 163,Apt. 526,1948-08-17
170,troy68170,a68RHectN)Cu,wbowen@barker.com,3292185598276,Michael Russell,https://www.lorempixel.com/100/100,Not Selected,30479 Jon Meadows,Apt. 937,1993-07-15
171,thomasdavis171,48DSAXqj^VMj,lnelson@gmail.com,5788376952190,Shannon Reyes,https://placekitten.com/100/100,Not Selected,02993 Michael Radial,Suite 201,1986-11-13
172,jennifer01172,RE3Ne@Pg#xp$,hgardner@yahoo.com,0010478094537,Jessica Lopez,https://www.lorempixel.com/100/100,Male,82847 Alexander Lake Apt. 574,Suite 026,1988-11-05
173,sandra43173,9!UiC6kI1c8(,higginsmisty@sims-adkins.com,3800816821585,Brittany Grant,https://dummyimage.com/100x100,Other,4964 White Canyon,Suite 373,1998-12-03
174,jason07174,^F9@s#lv*ICF,john87@todd-fisher.biz,3421360290768,Andrew Smith,https://dummyimage.com/100x100,Not Selected,343 Daniel Valleys Suite 660,Suite 560,1981-03-20
175,herrerarebecca175,rq6V3FvUx*A*,christopher50@little-conrad.com,0248340475453,Jose Nelson,https://dummyimage.com/100x100,Other,02286 Clark Orchard Apt. 470,Apt. 848,1978-09-03
176,crosbyashley176,@CrNGihNFek1,pmoore@jones-valencia.com,9441198836665,Pamela Burnett,https://dummyimage.com/100x100,Female,607 Michelle Lake,Suite 919,2001-12-29
177,sotorebekah177,_Q$)yWb4g36J,clarktimothy@gmail.com,2856272369327,Timothy George,https://placekitten.com/100/100,Male,089 Monica Via,Apt. 548,2004-05-22
178,dsimmons178,&3(yxbVIRHHN,bhernandez@gmail.com,5976578931637,Linda Salazar MD,https://placekitten.com/100/100,Male,45804 Michael Haven,Apt. 132,1984-07-31
179,imartinez179,EXVm#8Xi%1KM,jorgehenderson@perez.com,8867693639899,Tina Mueller,https://placeimg.com/100/100/any,Male,52635 Jennifer Drive,Apt. 753,2001-09-20
180,choiapril180,TWeNYeu2M#8(,rray@yahoo.com,6658240047390,Elizabeth Romero,https://www.lorempixel.com/100/100,Female,8655 Ferrell Coves Suite 918,Suite 358,1995-08-16
181,robinsonjohn181,&65+2ATp)+AY,nathanalvarez@shepard.com,5917101393632,Anthony Welch,https://www.lorempixel.com/100/100,Not Selected,92478 Murphy Fall,Apt. 229,1953-02-03
182,dwilliams182,E(&Mml1^5L6X,peter11@gmail.com,2362241797981,Kara Guzman,https://placekitten.com/100/100,Male,8479 Thomas Fall Apt. 658,Suite 885,1965-02-05
183,zclark183,y+fSmXChA6K2,andrew20@hotmail.com,3523889286950,Ashley Suarez,https://placeimg.com/100/100/any,Female,3512 Robert Lake,Apt. 565,1951-07-05
184,ubarton184,G7pahi&Jq$8F,christinewhite@gmail.com,8292083761428,Devon Ellison,https://www.lorempixel.com/100/100,Not Selected,30577 Vanessa Spring,Apt. 873,2003-09-17
185,zglass185,_cRzv#NOF2Qq,agibson@hotmail.com,9238374218037,Todd Petersen,https://placekitten.com/100/100,Not Selected,547 Steven Forest Suite 241,Apt. 794,2002-01-10
186,monicaedwards186,&6I8)exR!4Wo,lindsay49@yahoo.com,5049403759044,Christina Mcclure,https://placekitten.com/100/100,Female,493 Roger Stravenue,Apt. 749,1970-08-10
187,david01187,V4$wr4Yc)1fU,lisa64@yahoo.com,7756598645637,Michael Nelson,https://www.lorempixel.com/100/100,Female,76867 Cummings Mission,Apt. 150,1953-04-06
188,fperez188,l2nI1Ajxj@$j,angela26@wood.com,2446599786386,Jeffrey Smith,https://www.lorempixel.com/100/100,Not Selected,31759 Makayla Ramp,Apt. 381,1953-01-03
189,austinlynn189,!iJKgoXW!5Mb,hunterjoseph@yahoo.com,5031373280457,Jacob Ashley,https://dummyimage.com/100x100,Other,3501 Jamie Rapid Apt. 831,Suite 304,1953-05-25
190,jennifer68190,+aR_zcf@!X5l,ana76@weaver-scott.com,4228724589175,Laurie Savage,https://dummyimage.com/100x100,Male,9761 Haynes Ferry,Suite 855,2005-01-07
191,archercatherine191,dd7AZZvQ$%4V,cwalters@gmail.com,0140872102509,Leslie Schmidt,https://placekitten.com/100/100,Male,0807 Ivan Canyon,Suite 093,1945-02-27
192,cynthiamurphy192,$9i4xdw0dCNb,pottsmonica@pierce.net,7920731737847,Robin Hopkins,https://www.lorempixel.com/100/100,Other,4222 Stacy Trail Suite 231,Apt. 944,1979-09-14
193,crossmatthew193,&Py9jFXoCP5!,jason12@hotmail.com,2738245774056,Jessica Jackson,https://placekitten.com/100/100,Not Selected,272 Bernard Green Apt. 953,Suite 787,1970-01-14
194,sarah47194,i&5O^3ranO#&,mbeck@wise.com,9800362724641,Tracy Rivera,https://placeimg.com/100/100/any,Other,8220 Ball Loaf Apt. 149,Apt. 617,1998-10-29
195,hking195,uKzeR^iP9*2^,cynthia51@hotmail.com,4961305831730,Aaron Phillips,https://dummyimage.com/100x100,Not Selected,29079 Yolanda Meadows,Suite 972,1977-06-09
196,mcgeecarol196,^6T73Auy%1fy,thompsonrobert@frazier.com,0518876770472,Eric Wilson,https://dummyimage.com/100x100,Male,31197 Fry Garden,Suite 811,2003-07-18
197,maybenjamin197,wd8PtA2c*L!I,brianbenson@gmail.com,8688354446762,Mr. John Robinson,https://placekitten.com/100/100,Female,820 Elizabeth Glens,Apt. 683,2002-06-23
198,matthewwilliams198,JJrC3Ahm&3rT,mquinn@martin-henry.biz,5656727061244,Dr. Robin Norris,https://dummyimage.com/100x100,Not Selected,16438 Tammy Plains,Suite 936,2002-04-16
199,michaelrobertson199,$S3CUwi(BQ9F,zmcclain@yahoo.com,5745340052356,Timothy Jones,https://www.lorempixel.com/100/100,Other,5536 Brown Underpass,Suite 798,1954-11-30
200,james37200,uKAa(D6W*9J0,velasquezjohn@jackson.biz,4672249671429,Gina Bell,https://placekitten.com/100/100,Female,6160 Danielle Ridges Apt. 967,Suite 714,1954-05-25
